instance	job_id	src_folder	n_models	evidence
A	1ao7_LLFGYAVYV		5	different
A	1ao7_LLFGYPRYV		5	different
A	1ao7_LLFGYPVAV		5	different
A	1ao7_LLFGYPVYV		5	different
A	1ao7_MLWGYLQYV		5	different
A	1qrn_LGYGFVNYI		5	different
A	1qrn_LLFGFPVYV		5	different
A	1qrn_LLFGKPVYV		5	different
A	1qrn_LLFGPVYV		5	different
A	1tcr_EQYKFYSV		5	different
A	1tcr_GGAPWNPAMMI		5	different
A	1tcr_QLSPFPFDL		5	different
A	1tcr_SIYRYYGL		5	different
A	2vlj_GILEFVFTL		5	different
A	2vlj_GILGLVFTL		5	different
A	2vlj_PKYVKQNTLKLAT		5	different
A	5brz_ELQHGLYAL		5	
A	5brz_ESDPIVAQY		5	different
A	5brz_EVDPIGHLY		5	different
A	5brz_ILAKFLHWL		5	different
A	5brz_KVAKELVHFL		5	
B1	1qrn_LGYGFVNYI		5	different
B1	1qrn_LLFGFPVYV		5	different
B1	1qrn_LLFGKPVYV		5	different
B1	1qrn_LLFGPVYV		5	different
B1	1qrn_LLFGYAVYV		5	different
B1	1qrn_LLFGYPRYV		5	different
B1	1qrn_LLFGYPVAV		5	different
B1	1qrn_LLFGYPVYV		5	different
B1	1qrn_MLWGYLQYV		5	different
B1	1tcr_GGAPWNPAMMI		5	different
B1	1tcr_QLSPFPFDL		5	different
B1	1tcr_SIYRYYGL		5	different
B1	2ak4_GPEPLPQGQLTAY		5	different
B1	2ak4_LPEGLPQGQLTAY		5	different
B1	2ak4_LPEPLGQGQLTAY		5	different
B1	2ak4_LPEPLPQAQLTAY		5	different
B1	2ak4_LPEPLPQGQGTAY		5	different
B1	2ak4_LPEPLPQGQLGAY		5	different
B1	2ak4_LPEPLPQGQLTGY		5	different
B1	2bnq_SLLMWITQC		5	different
B1	2bnq_SLLMWITQV		5	different
B1	2nx5_GPQQSFPEQEA		5	different
B1	2vlj_GILEFVFTL		5	different
B1	2vlj_GILGLVFTL		5	different
B1	2vlj_PKYVKQNTLKLAT		5	different
B2	1qrn_LGYGFVNYI		5	different
B2	1qrn_LLFGFPVYV		5	different
B2	1qrn_LLFGKPVYV		5	different
B2	1qrn_LLFGPVYV		5	different
B2	1qrn_LLFGYAVYV		5	different
B2	1qrn_LLFGYPVAV		5	different
B2	1qrn_LLFGYPVYV		5	different
B2	1qrn_MLWGYLQYV		5	different
B2	1qse_LLFGYPRYV		5	different
B2	2ak4_LPEPLPQAQLTAY		5	different
B2	2f53_SLLMWITQV		5	different
B2	2vlj_GILEFVFTL		5	different
B2	2vlj_GILGLVFTL		5	different
B2	2vlj_PKYVKQNTLKLAT		5	different
B3	1oga_GILEFVFTL		5	different
B3	1oga_GILGLVFTL		5	different
B3	1qrn_LGYGFVNYI		5	different
B3	1qrn_LLFGKPVYV		5	different
B3	1qrn_LLFGYAVYV		5	different
B3	1qse_LLFGFPVYV		5	different
B3	1qse_LLFGPVYV		5	different
B3	1qse_LLFGYPVAV		5	different
B3	1qse_LLFGYPVYV		5	different
B3	1qse_MLWGYLQYV		5	different
B3	2bnr_SLLMWITQV		5	different
B4	1qse_LGYGFVNYI		5	different
B4	1qse_LLFGYAVYV		5	different
