job_id	ref	tcr_ca_A	tcr_ca_B1	tcr_ca_B2	tcr_ca_B3	pep_rmsd_A	mhc_rmsd_A	pep_rmsd_B1	mhc_rmsd_B1	pep_rmsd_B2	mhc_rmsd_B2	pep_rmsd_B3	mhc_rmsd_B3
1ao7_LGYGFVNYI	A	443	443	443	443	0.000	0.000	0.380	0.297	0.204	0.377	0.294	0.247
1ao7_LLFGFPVYV	A	443	443	443		0.000	0.000	0.176	0.269	0.319	0.484		
1ao7_LLFGKPVYV	A	443	443	443	443	0.000	0.000	0.180	0.228	0.182	0.248	0.108	0.144
1ao7_LLFGPVYV	A	443	443	443		0.000	0.000	0.158	0.397	0.117	0.239		
1ao7_LLFGYAVYV	B1	324	443	443	443	0.197	0.275	0.000	0.000	0.240	0.219	0.259	0.359
1ao7_LLFGYPRYV	B1	324	443			0.269	0.368	0.000	0.000				
1ao7_LLFGYPVAV	B1	324	443	443		0.219	0.434	0.000	0.000	0.098	0.187		
1ao7_MLWGYLQYV	B1	324	443	443		0.328	0.383	0.000	0.000	0.163	0.214		
1g6r_EQYKFYSV	A	439				0.000	0.000						
1g6r_GGAPWNPAMMI	A	439				0.000	0.000						
1g6r_QLSPFPFDL	A	439				0.000	0.000						
1mwa_SIYRYYGL	A	439				0.000	0.000						
1oga_GILEFVFTL	A	439				0.000	0.000						
1oga_GILGLVFTL	A	439				0.000	0.000						
1oga_PKYVKQNTLKLAT	A	439				0.000	0.000						
1qrn_LLFGYPVYV	B1	324	443	443		0.091	0.151	0.000	0.000	0.139	0.258		
2ak4_GPEPLPQGQLTAY	B1		442					0.000	0.000				
2ak4_LPEGLPQGQLTAY	B1		442					0.000	0.000				
2ak4_LPEPLGQGQLTAY	B1		442					0.000	0.000				
2ak4_LPEPLPQAQLTAY	B1		442	442				0.000	0.000	0.271	0.202		
5brz_ELQHGLYAL	A	438				0.000	0.000						
5brz_ESDPIVAQY	A	438				0.000	0.000						
5brz_EVDPIGHLY	A	438				0.000	0.000						
5brz_ILAKFLHWL	A	438				0.000	0.000						
5brz_KVAKELVHFL	A	438				0.000	0.000						
