job_id	iptm_A	iptm_std_A	iptm_B1	iptm_std_B1	iptm_B2	iptm_std_B2	iptm_B3	iptm_std_B3	iptm_B4	iptm_std_B4	af3_iptm_range	egnn_noplddt_s10_A	egnn_noplddt_s10_B1	egnn_noplddt_s10_B2	egnn_noplddt_s10_B3	egnn_noplddt_s10_B4	egnn_noplddt_s10_range	egnn_dataset_A	egnn_dataset_B1	egnn_dataset_B2	egnn_dataset_B3	egnn_dataset_B4	egnn_dataset_range
1ao7_LGYGFVNYI	0.930	0.000																					
1ao7_LLFGFPVYV	0.930	0.000																					
1ao7_LLFGKPVYV	0.930	0.000																					
1ao7_LLFGPVYV	0.910	0.000																					
1ao7_LLFGYAVYV	0.860	0.000										0.1269						0.0284					
1ao7_LLFGYPRYV	0.880	0.000										0.0079						0.0062					
1ao7_LLFGYPVAV	0.880	0.000										0.0337						0.0252					
1ao7_MLWGYLQYV	0.850	0.000										0.0340						0.0118					
1g6r_EQYKFYSV	0.880	0.000																					
1g6r_GGAPWNPAMMI	0.680	0.000																					
1g6r_QLSPFPFDL	0.710	0.000																					
1mwa_SIYRYYGL	0.890	0.000																					
1oga_GILEFVFTL	0.640	0.000					0.522	0.025			0.118				0.0015						0.1368		
1oga_GILGLVFTL	0.900	0.000					0.890	0.006			0.010				0.0031						0.0069		
1oga_PKYVKQNTLKLAT	0.490	0.000																					
1qrn_LGYGFVNYI			0.922	0.004	0.924	0.005	0.926	0.005			0.004	0.0001	0.0231	0.0018	0.0398		0.0397	0.0011	0.0131	0.0036	0.0354		0.0343
1qrn_LLFGFPVYV			0.924	0.005	0.924	0.005					0.000	0.0005	0.0000	0.0006			0.0006	0.0085	0.0063	0.0277			0.0214
1qrn_LLFGKPVYV			0.928	0.004	0.930	0.000	0.928	0.004			0.002	0.0016	0.0000	0.0000	0.0121		0.0121	0.0654	0.0289	0.0258	0.0295		0.0396
1qrn_LLFGPVYV			0.916	0.005	0.912	0.004					0.004	0.0000	0.0000	0.0000			0.0000	0.0041	0.0016	0.0029			0.0025
1qrn_LLFGYAVYV			0.920	0.000	0.924	0.005	0.922	0.004			0.004		0.0744	0.1665	0.0002		0.1663		0.0193	0.0256	0.0319		0.0126
1qrn_LLFGYPRYV			0.926	0.005									0.0157						0.0039				
1qrn_LLFGYPVAV			0.922	0.004	0.918	0.004					0.004		0.0990	0.1264			0.0274		0.0375	0.0709			0.0334
1qrn_LLFGYPVYV	0.870	0.000	0.920	0.000	0.922	0.004					0.052		0.1333	0.0467			0.0866		0.0495	0.1545			0.1050
1qrn_MLWGYLQYV			0.920	0.006	0.920	0.000					0.000		0.0131	0.0242			0.0111		0.0125	0.0133			0.0008
1qse_LGYGFVNYI									0.924	0.005						0.0046						0.0321	
1qse_LLFGFPVYV							0.924	0.005							0.0353						0.1605		
1qse_LLFGPVYV							0.908	0.004							0.0000						0.0206		
1qse_LLFGYAVYV									0.920	0.006						0.0442						0.0040	
1qse_LLFGYPRYV					0.924	0.005								0.0204						0.0056			
1qse_LLFGYPVAV							0.926	0.008							0.0319						0.0333		
1qse_LLFGYPVYV							0.922	0.004							0.1784						0.0177		
1qse_MLWGYLQYV							0.922	0.007							0.0146						0.0156		
1tcr_GGAPWNPAMMI			0.764	0.005								0.0258	0.2118				0.1860	0.1285	0.2830				0.1545
1tcr_QLSPFPFDL			0.640	0.006								0.1688	0.0858				0.0830	0.3276	0.3867				0.0591
1tcr_SIYRYYGL			0.864	0.008								0.1382	0.5532				0.4150	0.5210	0.3964				0.1246
2ak4_GPEPLPQGQLTAY			0.884	0.005									0.0000						0.0005				
2ak4_LPEGLPQGQLTAY			0.898	0.004									0.0000						0.0004				
2ak4_LPEPLGQGQLTAY			0.894	0.005									0.0000						0.0028				
2ak4_LPEPLPQAQLTAY			0.888	0.004	0.892	0.007					0.004		0.0000	0.0000			0.0000		0.0000	0.0001			0.0001
2ak4_LPEPLPQGQGTAY			0.886	0.008									0.0000						0.0573				
2ak4_LPEPLPQGQLGAY			0.890	0.000									0.0001						0.0750				
2ak4_LPEPLPQGQLTGY			0.894	0.005									0.0000						0.0000				
2bnq_SLLMWITQC			0.902	0.004									0.0009						0.3736				
2bnq_SLLMWITQV			0.906	0.005									0.0000						0.2862				
2bnr_SLLMWITQV							0.906	0.005							0.0001						0.1568		
2f53_SLLMWITQV					0.910	0.000								0.0352						0.6709			
2nx5_GPQQSFPEQEA			0.814	0.016									0.0174						0.1932				
2vlj_GILEFVFTL			0.496	0.016	0.706	0.008					0.210	0.0195	0.1929	0.0050			0.1879	0.1121	0.0732	0.2137			0.1405
2vlj_GILGLVFTL			0.894	0.005	0.892	0.004					0.002	0.0010	0.0004	0.0004			0.0006	0.0092	0.0084	0.0066			0.0026
2vlj_PKYVKQNTLKLAT			0.574	0.029	0.496	0.008					0.078	0.2028	0.0005	0.0477			0.2023	0.0360	0.0012	0.0076			0.0348
5brz_ELQHGLYAL	0.870	0.000										0.0010						0.0168					
5brz_ESDPIVAQY	0.900	0.000										0.0010						0.0001					
5brz_EVDPIGHLY	0.910	0.000										0.0062						0.0000					
5brz_ILAKFLHWL	0.540	0.000										0.0014						0.2877					
5brz_KVAKELVHFL	0.870	0.000										0.1288						0.0048					
