instance	job_id	n_conf	iptm_mean	iptm_std	ptm_mean	tcr_ca	pep_ca	flag
A	1ao7_LLFGYAVYV	1	0.860		0.860	324	9	
A	1ao7_LLFGYPRYV	1	0.880		0.870	324	9	
A	1ao7_LLFGYPVAV	1	0.880		0.870	324	9	
A	1ao7_LLFGYPVYV	0				324	9	
A	1ao7_MLWGYLQYV	1	0.850		0.850	324	9	
A	1qrn_LGYGFVNYI	0				443	9	
A	1qrn_LLFGFPVYV	0				443	9	
A	1qrn_LLFGKPVYV	0				443	9	
A	1qrn_LLFGPVYV	0				443	8	
A	1tcr_EQYKFYSV	0				439	8	
A	1tcr_GGAPWNPAMMI	0				439	11	
A	1tcr_QLSPFPFDL	0				439	9	
A	1tcr_SIYRYYGL	0				439	8	
A	2vlj_GILEFVFTL	0				439	9	
A	2vlj_GILGLVFTL	0				439	9	
A	2vlj_PKYVKQNTLKLAT	0				439	13	
A	5brz_ELQHGLYAL	1	0.870		0.890	438	9	
A	5brz_ESDPIVAQY	1	0.900		0.910	438	9	
A	5brz_EVDPIGHLY	1	0.910		0.910	438	9	
A	5brz_ILAKFLHWL	1	0.540		0.640	438	9	low_iptm
A	5brz_KVAKELVHFL	1	0.870		0.880	438	10	
B1	1qrn_LGYGFVNYI	5	0.922	0.004	0.930	443	9	
B1	1qrn_LLFGFPVYV	5	0.924	0.005	0.930	443	9	
B1	1qrn_LLFGKPVYV	5	0.928	0.004	0.934	443	9	
B1	1qrn_LLFGPVYV	5	0.916	0.005	0.920	443	8	
B1	1qrn_LLFGYAVYV	5	0.920	0.000	0.930	443	9	
B1	1qrn_LLFGYPRYV	5	0.926	0.005	0.930	443	9	
B1	1qrn_LLFGYPVAV	5	0.922	0.004	0.926	443	9	
B1	1qrn_LLFGYPVYV	5	0.920	0.000	0.926	443	9	
B1	1qrn_MLWGYLQYV	5	0.920	0.006	0.928	443	9	
B1	1tcr_GGAPWNPAMMI	5	0.764	0.005	0.804	439	11	
B1	1tcr_QLSPFPFDL	5	0.640	0.006	0.706	439	9	low_iptm
B1	1tcr_SIYRYYGL	5	0.864	0.008	0.888	439	8	
B1	2ak4_GPEPLPQGQLTAY	5	0.884	0.005	0.898	442	13	
B1	2ak4_LPEGLPQGQLTAY	5	0.898	0.004	0.910	442	13	
B1	2ak4_LPEPLGQGQLTAY	5	0.894	0.005	0.906	442	13	
B1	2ak4_LPEPLPQAQLTAY	5	0.888	0.004	0.906	442	13	
B1	2ak4_LPEPLPQGQGTAY	5	0.886	0.008	0.902	442	13	
B1	2ak4_LPEPLPQGQLGAY	5	0.890	0.000	0.906	442	13	
B1	2ak4_LPEPLPQGQLTGY	5	0.894	0.005	0.910	442	13	
B1	2bnq_SLLMWITQC	5	0.902	0.004	0.912	444	9	
B1	2bnq_SLLMWITQV	5	0.906	0.005	0.916	444	9	
B1	2nx5_GPQQSFPEQEA	5	0.814	0.016	0.846	431	11	
B1	2vlj_GILEFVFTL	5	0.496	0.016	0.590	439	9	low_iptm
B1	2vlj_GILGLVFTL	5	0.894	0.005	0.906	439	9	
B1	2vlj_PKYVKQNTLKLAT	5	0.574	0.029	0.660	439	13	low_iptm
B2	1qrn_LGYGFVNYI	5	0.924	0.005	0.932	443	9	
B2	1qrn_LLFGFPVYV	5	0.924	0.005	0.932	443	9	
B2	1qrn_LLFGKPVYV	5	0.930	0.000	0.938	443	9	
B2	1qrn_LLFGPVYV	5	0.912	0.004	0.918	443	8	
B2	1qrn_LLFGYAVYV	5	0.924	0.005	0.930	443	9	
B2	1qrn_LLFGYPVAV	5	0.918	0.004	0.926	443	9	
B2	1qrn_LLFGYPVYV	5	0.922	0.004	0.930	443	9	
B2	1qrn_MLWGYLQYV	5	0.920	0.000	0.928	443	9	
B2	1qse_LLFGYPRYV	5	0.924	0.005	0.930	443	9	
B2	2ak4_LPEPLPQAQLTAY	5	0.892	0.007	0.908	442	13	
B2	2f53_SLLMWITQV	5	0.910	0.000	0.920	436	9	
B2	2vlj_GILEFVFTL	5	0.706	0.008	0.746	439	9	low_iptm
B2	2vlj_GILGLVFTL	5	0.892	0.004	0.904	439	9	
B2	2vlj_PKYVKQNTLKLAT	5	0.496	0.008	0.604	439	13	low_iptm
B3	1oga_GILEFVFTL	5	0.522	0.025	0.612	439	9	low_iptm
B3	1oga_GILGLVFTL	5	0.890	0.006	0.906	439	9	
B3	1qrn_LGYGFVNYI	5	0.926	0.005	0.930	443	9	
B3	1qrn_LLFGKPVYV	5	0.928	0.004	0.934	443	9	
B3	1qrn_LLFGYAVYV	5	0.922	0.004	0.930	443	9	
B3	1qse_LLFGFPVYV	5	0.924	0.005	0.928	443	9	
B3	1qse_LLFGPVYV	5	0.908	0.004	0.918	443	8	
B3	1qse_LLFGYPVAV	5	0.926	0.008	0.934	443	9	
B3	1qse_LLFGYPVYV	5	0.922	0.004	0.930	443	9	
B3	1qse_MLWGYLQYV	5	0.922	0.007	0.930	443	9	
B3	2bnr_SLLMWITQV	5	0.906	0.005	0.916	447	9	
B4	1qse_LGYGFVNYI	5	0.924	0.005	0.932	443	9	
B4	1qse_LLFGYAVYV	5	0.920	0.006	0.928	443	9	
