job_id	n_models	score	std
1qrn_LGYGFVNYI	5	0.9568	0.0334
1qrn_LLFGFPVYV	5	0.9880	0.0105
1qrn_LLFGKPVYV	5	0.6589	0.3869
1qrn_LLFGPVYV	5	0.0285	0.0337
1ao7_LLFGYAVYV	5	0.9910	0.0119
1ao7_LLFGYPRYV	5	0.8329	0.1724
1ao7_LLFGYPVAV	5	0.6882	0.2781
1ao7_MLWGYLQYV	5	0.9234	0.1372
1tcr_EQYKFYSV	5	0.7305	0.2882
1tcr_GGAPWNPAMMI	5	0.5587	0.4231
1tcr_QLSPFPFDL	5	0.6925	0.4028
1tcr_SIYRYYGL	5	0.8573	0.2556
2vlj_GILEFVFTL	5	0.2324	0.4260
2vlj_GILGLVFTL	5	0.1611	0.2501
2vlj_PKYVKQNTLKLAT	5	0.1901	0.2427
1ao7_LLFGYPVYV	5	0.9727	0.0294
5brz_ELQHGLYAL	5	0.7920	0.2646
5brz_ESDPIVAQY	5	0.7062	0.1472
5brz_EVDPIGHLY	5	0.6828	0.2566
5brz_ILAKFLHWL	5	0.8095	0.2512
5brz_KVAKELVHFL	5	0.6499	0.3065
