job_id	n_nodes	n_edges	score	std	error
1qrn_LGYGFVNYI_model_0	77	612	0.9921	0.0000	
1qrn_LGYGFVNYI_model_1	74	584	0.9796	0.0000	
1qrn_LGYGFVNYI_model_2	76	596	0.9685	0.0000	
1qrn_LGYGFVNYI_model_3	74	578	0.9292	0.0000	
1qrn_LGYGFVNYI_model_4	72	558	0.9144	0.0000	
1qrn_LLFGFPVYV_model_0	74	576	0.9985	0.0000	
1qrn_LLFGFPVYV_model_1	73	574	0.9956	0.0000	
1qrn_LLFGFPVYV_model_2	72	564	0.9716	0.0000	
1qrn_LLFGFPVYV_model_3	73	576	0.9856	0.0000	
1qrn_LLFGFPVYV_model_4	72	566	0.9889	0.0000	
1qrn_LLFGKPVYV_model_0	74	568	0.9523	0.0000	
1qrn_LLFGKPVYV_model_1	70	518	0.0037	0.0000	
1qrn_LLFGKPVYV_model_2	70	532	0.6300	0.0000	
1qrn_LLFGKPVYV_model_3	71	540	0.7984	0.0000	
1qrn_LLFGKPVYV_model_4	71	550	0.9102	0.0000	
1qrn_LLFGPVYV_model_0	70	522	0.0862	0.0000	
1qrn_LLFGPVYV_model_1	71	528	0.0216	0.0000	
1qrn_LLFGPVYV_model_2	70	514	0.0249	0.0000	
1qrn_LLFGPVYV_model_3	70	522	0.0003	0.0000	
1qrn_LLFGPVYV_model_4	70	534	0.0094	0.0000	
1ao7_LLFGYAVYV_model_0	72	544	0.9914	0.0000	
1ao7_LLFGYAVYV_model_1	73	560	0.9972	0.0000	
1ao7_LLFGYAVYV_model_2	73	558	0.9702	0.0000	
1ao7_LLFGYAVYV_model_3	73	560	0.9983	0.0000	
1ao7_LLFGYAVYV_model_4	72	562	0.9978	0.0000	
1ao7_LLFGYPRYV_model_0	72	556	0.9913	0.0000	
1ao7_LLFGYPRYV_model_1	71	542	0.7922	0.0000	
1ao7_LLFGYPRYV_model_2	73	552	0.5523	0.0000	
1ao7_LLFGYPRYV_model_3	71	532	0.9214	0.0000	
1ao7_LLFGYPRYV_model_4	71	546	0.9072	0.0000	
1ao7_LLFGYPVAV_model_0	73	564	0.8866	0.0000	
1ao7_LLFGYPVAV_model_1	70	534	0.8027	0.0000	
1ao7_LLFGYPVAV_model_2	70	544	0.2017	0.0000	
1ao7_LLFGYPVAV_model_3	73	566	0.7244	0.0000	
1ao7_LLFGYPVAV_model_4	72	554	0.8254	0.0000	
1ao7_MLWGYLQYV_model_0	75	570	0.9862	0.0000	
1ao7_MLWGYLQYV_model_1	74	564	0.9880	0.0000	
1ao7_MLWGYLQYV_model_2	73	548	0.9734	0.0000	
1ao7_MLWGYLQYV_model_3	71	538	0.6782	0.0000	
1ao7_MLWGYLQYV_model_4	71	532	0.9912	0.0000	
1tcr_EQYKFYSV_model_0	88	688	0.9712	0.0000	
1tcr_EQYKFYSV_model_1	90	720	0.9983	0.0000	
1tcr_EQYKFYSV_model_2	94	758	0.3314	0.0000	
1tcr_EQYKFYSV_model_3	90	732	0.5390	0.0000	
1tcr_EQYKFYSV_model_4	92	742	0.8125	0.0000	
1tcr_GGAPWNPAMMI_model_0	84	672	0.3345	0.0000	
1tcr_GGAPWNPAMMI_model_1	82	720	0.9843	0.0000	
1tcr_GGAPWNPAMMI_model_2	81	680	0.9861	0.0000	
1tcr_GGAPWNPAMMI_model_3	83	668	0.4724	0.0000	
1tcr_GGAPWNPAMMI_model_4	84	714	0.0161	0.0000	
1tcr_QLSPFPFDL_model_0	87	702	0.8540	0.0000	
1tcr_QLSPFPFDL_model_1	82	680	0.9179	0.0000	
1tcr_QLSPFPFDL_model_2	84	656	0.0000	0.0000	
1tcr_QLSPFPFDL_model_3	83	646	0.9965	0.0000	
1tcr_QLSPFPFDL_model_4	83	626	0.6942	0.0000	
1tcr_SIYRYYGL_model_0	88	682	0.9950	0.0000	
1tcr_SIYRYYGL_model_1	89	692	0.9045	0.0000	
1tcr_SIYRYYGL_model_2	87	660	0.4053	0.0000	
1tcr_SIYRYYGL_model_3	90	718	0.9823	0.0000	
1tcr_SIYRYYGL_model_4	88	704	0.9994	0.0000	
2vlj_GILEFVFTL_model_0	64	448	0.1084	0.0000	
2vlj_GILEFVFTL_model_1	67	438	0.0079	0.0000	
2vlj_GILEFVFTL_model_2	64	440	0.0043	0.0000	
2vlj_GILEFVFTL_model_3	78	596	0.0506	0.0000	
2vlj_GILEFVFTL_model_4	71	528	0.9907	0.0000	
2vlj_GILGLVFTL_model_0	67	516	0.0037	0.0000	
2vlj_GILGLVFTL_model_1	66	514	0.1150	0.0000	
2vlj_GILGLVFTL_model_2	68	530	0.0258	0.0000	
2vlj_GILGLVFTL_model_3	66	506	0.0587	0.0000	
2vlj_GILGLVFTL_model_4	68	522	0.6022	0.0000	
2vlj_PKYVKQNTLKLAT_model_0	80	550	0.2047	0.0000	
2vlj_PKYVKQNTLKLAT_model_1	77	542	0.0638	0.0000	
2vlj_PKYVKQNTLKLAT_model_2	71	470	0.6059	0.0000	
2vlj_PKYVKQNTLKLAT_model_3	66	412	0.0496	0.0000	
2vlj_PKYVKQNTLKLAT_model_4	74	480	0.0263	0.0000	
1ao7_LLFGYPVYV_model_0	72	556	0.9961	0.0000	
1ao7_LLFGYPVYV_model_1	73	552	0.9956	0.0000	
1ao7_LLFGYPVYV_model_2	72	560	0.9906	0.0000	
1ao7_LLFGYPVYV_model_3	72	554	0.9401	0.0000	
1ao7_LLFGYPVYV_model_4	72	552	0.9411	0.0000	
5brz_ELQHGLYAL_model_0	66	468	0.8347	0.0000	
5brz_ELQHGLYAL_model_1	72	546	0.3522	0.0000	
5brz_ELQHGLYAL_model_2	70	514	0.9987	0.0000	
5brz_ELQHGLYAL_model_3	71	528	0.7779	0.0000	
5brz_ELQHGLYAL_model_4	69	518	0.9966	0.0000	
5brz_ESDPIVAQY_model_0	73	548	0.5717	0.0000	
5brz_ESDPIVAQY_model_1	74	568	0.5522	0.0000	
5brz_ESDPIVAQY_model_2	74	572	0.7627	0.0000	
5brz_ESDPIVAQY_model_3	75	580	0.9081	0.0000	
5brz_ESDPIVAQY_model_4	73	554	0.7361	0.0000	
5brz_EVDPIGHLY_model_0	72	544	0.8984	0.0000	
5brz_EVDPIGHLY_model_1	75	586	0.8404	0.0000	
5brz_EVDPIGHLY_model_2	73	548	0.8691	0.0000	
5brz_EVDPIGHLY_model_3	73	552	0.3821	0.0000	
5brz_EVDPIGHLY_model_4	73	542	0.4241	0.0000	
5brz_ILAKFLHWL_model_0	64	486	0.8954	0.0000	
5brz_ILAKFLHWL_model_1	72	520	0.9993	0.0000	
5brz_ILAKFLHWL_model_2	68	502	0.8310	0.0000	
5brz_ILAKFLHWL_model_3	69	498	0.9475	0.0000	
5brz_ILAKFLHWL_model_4	63	454	0.3742	0.0000	
5brz_KVAKELVHFL_model_0	71	502	0.2947	0.0000	
5brz_KVAKELVHFL_model_1	69	496	0.6239	0.0000	
5brz_KVAKELVHFL_model_2	70	504	0.9301	0.0000	
5brz_KVAKELVHFL_model_3	74	562	0.9879	0.0000	
5brz_KVAKELVHFL_model_4	73	530	0.4130	0.0000	
