job_id	batch
1ao7_LLFGYAVYV	af3_batch1
1ao7_LLFGYPRYV	af3_batch1
1ao7_LLFGYPVAV	af3_batch1
1ao7_MLWGYLQYV	af3_batch1
1oga_GILEFVFTL	af3_batch1
1oga_GILGLVFTL	af3_batch1
1qrn_LGYGFVNYI	af3_batch1
1qrn_LLFGFPVYV	af3_batch1
1qrn_LLFGKPVYV	af3_batch1
1qrn_LLFGPVYV	af3_batch1
1qrn_LLFGYPRYV	af3_batch1
1qrn_LLFGYPVAV	af3_batch1
1qrn_LLFGYPVYV	af3_batch1
1qrn_MLWGYLQYV	af3_batch1
1qse_LGYGFVNYI	af3_batch1
1qse_LLFGFPVYV	af3_batch1
1qse_LLFGPVYV	af3_batch1
1qse_LLFGYAVYV	af3_batch1
1qse_LLFGYPVAV	af3_batch1
1qse_LLFGYPVYV	af3_batch1
1qse_MLWGYLQYV	af3_batch1
2ak4_GPEPLPQGQLTAY	af3_batch1
2ak4_LPEGLPQGQLTAY	af3_batch1
2ak4_LPEPLGQGQLTAY	af3_batch1
2ak4_LPEPLPQAQLTAY	af3_batch1
2ak4_LPEPLPQGQGTAY	af3_batch1
2ak4_LPEPLPQGQLGAY	af3_batch1
2ak4_LPEPLPQGQLTGY	af3_batch1
2bnq_SLLMWITQC	af3_batch1
2bnr_SLLMWITQV	af3_batch2
2f53_SLLMWITQV	af3_batch2
2nx5_GPQQSFPEQEA	af3_batch2
2vlj_GILEFVFTL	af3_batch2
2vlj_GILGLVFTL	af3_batch2
2vlj_PKYVKQNTLKLAT	af3_batch2
5brz_ESDPIVAQY	af3_batch2
